{
  "apiVersion": "v1",
  "data": {
    "admin-password": "WlE0ckhmRHEzOE84UlNUY1FsWkZVU2QyOFdHUkVXUGtlc3JlRWdDcg==",
    "admin-user": "YWRtaW4=",
    "ldap-toml": ""
  },
  "kind": "Secret",
  "metadata": {
    "annotations": {
      "meta.helm.sh/release-name": "grafana",
      "meta.helm.sh/release-namespace": "staging"
    },
    "creationTimestamp": null,
    "labels": {
      "app.kubernetes.io/instance": "grafana",
      "app.kubernetes.io/managed-by": "Helm",
      "app.kubernetes.io/name": "grafana",
      "app.kubernetes.io/version": "9.2.5",
      "helm.sh/chart": "grafana-6.44.9"
    },
    "name": "grafana"
  },
  "type": "Opaque"
}
