{
  "apiVersion": "v1",
  "data": {
    "password": "YUtvUDM4djleMzhkY2lseFhJRW9lMzgy",
    "username": "ZWxhc3RpYw=="
  },
  "kind": "Secret",
  "metadata": {
    "annotations": {
      "meta.helm.sh/release-name": "elasticsearch",
      "meta.helm.sh/release-namespace": "staging"
    },
    "creationTimestamp": null,
    "labels": {
      "app": "elasticsearch-master",
      "app.kubernetes.io/managed-by": "Helm",
      "chart": "elasticsearch",
      "heritage": "Helm",
      "release": "elasticsearch"
    },
    "name": "elasticsearch-master-credentials"
  },
  "type": "Opaque"
}
